Build Number,Correct
_,false
-,false
--,false
---,false
----,false
",",false
?,false
.,false
@,false
*,false
***,false
/,false
//,false
\,false
#,false
×,false
=+,false
0,false
00,false
000,false
0000,false
00000,false
0000000,false
00003,false
0001,false
00011,false
0002,false
00023,false
0003,false
00036,false
0005,false
0006,false
0007,false
001,false
0011,false
0012,false
002,false
003,false
004,false
0052,false
007,false
00б,false
01,false
010,false
0100,false
0101,false
011,false
0111,false
0168,false
018,false
02,false
020,false
021,false
022,false
023,false
024,false
0245,false
028,false
029,false
03,false
030,false
031,false
033,false
04,false
041,false
048,false
05,false
052,false
057,false
06,false
0606,false
07,false
08,false
09,false
0в,false
0г,false
1,true
1 К3,false
1-1,true
1-10,true
1-14,true
1-15,true
1-2,true
1-20,true
1-20а,false
1-20А,false
1-22,true
1-3,true
1-3/2,false
1-3/2а,false
1-31,true
1-5,true
1-А,false
1-в/4,false
1-в/5,false
1-в/6,false
1-в/8,false
1-з/1,false
1-з/2,false
1-п/1,false
1-С,false
1-A,false
1–31,false
"1,1/1",false
1.1/1,false
1/1,true
1/10,true
1/11,true
1/12,true
1/13,true
1/14,true
1/16,true
1/16/1,false
1/16/14,false
1/16/2,false
1/16/3,false
1/16/4,false
1/16/7,false
1/1610,false
1/163,true
1/166,true
1/169,true
1/17,true
1/17/,false
1/17/2,false
1/172,true
1/173,true
1/174,true
1/17в,false
1/17д,false
1/17е,false
1/17ж,false
1/18,true
1/181,true
1/19,true
1/1а,false
1/1а13,false
1/1а17,false
1/1а20,false
1/1а24,false
1/1а3,false
1/1а6,false
1/1б,false
1/1Б,false
1/1б14,false
1/1б16,false
1/1б17,false
1/1б20,false
1/1в,false
1/1В,false
1/1в18,false
1/1в4,false
1/1в7,false
1/1в8,false
1/1г,false
1/1к7,false
1/2,true
1/2/1,false
1/2/2,false
1/20,true
1/21,true
1/22,true
1/23,true
1/24,true
1/25,true
1/261-5,false
1/262-5,false
1/262-6,false
1/263-4,false
1/263-7,false
1/27,true
1/29,true
1/2д,false
1/3,true
1/3/1,false
1/3/2,false
1/31,true
1/32,true
1/33,true
1/34,true
1/35,true
1/36,true
1/361-5,false
1/361-7,false
1/362-6,false
1/363-8,false
1/3а,false
1/4,true
1/40,true
1/41,true
1/42,true
1/421-2,false
1/421-3,false
1/421-4,false
1/421-5,false
1/421-7,false
1/421-8,false
1/421-9,false
1/43,true
1/45,true
1/46,true
1/463,true
1/47,true
1/5,true
1/5/2,false
1/51,true
1/511-1,false
1/511-6,false
1/511-7,false
1/511-8,false
1/512-5,false
1/512-6,false
1/512-8,false
1/512-9,false
1/52,true
1/53,true
1/54,true
1/55,true
1/5а,false
1/6,true
1/60,true
1/60а,false
1/61,true
1/62,true
1/66,true
1/660,true
1/69,true
1/6Б,false
1/7,true
1/79,true
1/8,true
1/9,true
1/9а,false
1/а,false
1/в,false
1\1,false
1\11,false
1\16,false
1\17,false
1\2,false
1\3,false
1\33,false
1\36,false
1\5,false
1\8,false
1\9,false
10,true
10-1,true
10-12,true
10-14,true
10-2,true
10-я станция Большого Фонтана,false
10/1,true
10/10,true
10/11,true
10/12,true
10/13,true
10/14,true
10/15,true
10/17,true
10/18,true
10/1в,false
10/2,true
10/20,true
10/21,true
10/23,true
10/24,true
10/26,true
10/3,true
10/31,true
10/4,true
10/40,true
10/5,true
10/6,true
10/62,true
10/63,true
10/7,true
10/8,true
10/82,true
10/87,true
10/9,true
10/г,false
10\1,false
10\10,false
10\12,false
10\3,false
10\5,false
10\6,false
100,true
100-б,false
100-ж,false
100/1,true
100/125,true
100/164,true
100/2,true
100/3,true
100/31,true
100/4,true
100/67,true
100/96,true
100\1,false
1000,false
10000,false
1002,false
100а,true
100а-10,true
100б,true
100б-12,true
100б-6,true
100в,true
100в-2,true
100в-6,true
100г,true
100г-11,true
100г-7,true
100д,true
100д-4,true
100д-9,true
100е,true
100ж,true
100з,true
100з-4,true
100з-7,true
100з-9,true
100к,true
100м2,false
101,true
101 Ш,false
101-1,true
101-10,true
101-11,true
101-14,true
101-17,true
101-19,true
101-3,true
101-5,true
101/1,true
101/16а,false
101/2,true
101/30,true
101/30А,false
101/34а,false
101/38а,false
101/44а,false
101/51а,false
101/6,true
101/9а,false
1010,false
1012,false
10131,false
1014,false
1015,false
1016,false
1019,false
101а,true
101А/10,false
101а/32,true
101а/34,true
101А/43,false
101а/43,true
101А/48,false
101А/56,false
101а/56,true
101а8,false
101б,true
101в,true
101ж,true
101к,true
101корп,false
101л,true
101м1,false
101м2,false
101м3,false
101м4,false
101м5,false
101ш,true
101a,false
102,true
102-1,true
102-12,true
102-13,true
102-14,true
102-3,true
102-8,true
102-9,true
102/1,true
102/112,true
102/4,true
1020,false
102а,true
102б,true
102д,true
102у,true
103,true
103-10,true
103-11,true
103-13,true
103-14,true
103-16,true
103-17,true
103-19,true
103-3,true
103-5,true
103-7,true
103-8,true
103-9,true
103/10,true
103/11,true
103/13,true
103/16,true
103/17,true
103/18,true
103/19,true
103/2,true
103/20,true
103/21,true
103/3,true
103/5,true
103/6,true
103/7,true
103/8,true
103\6,false
10316,false
1033,false
103а,true
103б,true
103a,false
104,true
104-10,true
104-11,true
104-12,true
104-13,true
104-15,true
104-17,true
104-3,true
104-4,true
104-8,true
104-9,true
104/1,true
104/1а,false
104/2,true
104/2а,false
104/2А,false
104/б,false
104\24,false
1041,false
1042,false
104а,true
104б,true
104a,false
105,true
105/1,true
105/4,true
10500,false
105а,true
105б,true
105в,true
105д,true
105е,true
106,true
106/1,true
106/2,true
106а,true
106б,true
106в,true
106д,true
106a,false
107,true
107-2,true
107/109,true
107а,true
107б,true
107Б/2,false
107б/3,true
107б/4,true
107в,true
107г,true
107a,false
108,true
108/1,true
108/2,true
108/3,true
108\3,false
108а,true
108а1,false
108а2,false
108б,true
108в,true
108к2,false
108к3,false
109,true
109/1,true
109/2,true
109/20,true
109а,true
109б,true
109в,true
109д,true
10а,true
10а5,false
10б,true
10в,true
10г,true
10д,true
10е,true
10ж,true
10к,true
10к4,false
10корп,false
10корп1,false
10м,true
10о,true
10с,true
10ти,false
10a,false
11,true
11-1,true
11-13,true
11-15,true
11-15б,false
11-2,true
11-21,true
11-3,true
11-4,true
11-5,true
11/1,true
11/11,true
11/12,true
11/13,true
11/14,true
11/15,true
11/16,true
11/17,true
11/171,true
11/19,true
11/1б,false
11/2,true
11/21,true
11/24,true
11/29,true
11/2А,false
11/3,true
11/36,true
11/39,true
11/4,true
11/44,true
11/5,true
11/6,true
11/61,true
11/632,true
11/7,true
11/8,true
11\1,false
11\15,false
11\21,false
11\3,false
11\39,false
11\44,false
11\5,false
11\6,false
110,true
110-112,true
110-2,true
110-3,true
110-6,true
110-8,true
110-9,true
110/1,true
110/111,true
110/112,true
110/12,true
110/209,true
110/255,true
110/312,true
110/40,true
1100,false
1101,false
1105,false
110а,true
110б,true
110в,true
111,true
111-113,true
111-3,true
111-4,true
111-6,true
111-7,true
111-8,true
111-9,true
111/1,true
111/113,true
111/2,true
111/2а,false
111/3,true
1111,false
11111,false
111111,false
1111111,false
11112,false
1112,false
1112а,false
1114,false
111а,true
111б,true
111в,true
111г,true
111е,true
112,true
112-1,true
112-114,true
112-2,true
112-5,true
112-6,true
112-7,true
112-8,true
112/1,true
112/2,true
112\114,false
1121,false
1122-3,false
112а,true
112а/2,true
112б,true
112в,true
112г,true
112д,true
112е,true
112к,true
113,true
113-4,true
113-5,true
113-8,true
113-9,true
113/1,true
113/2,true
113/7,true
113а,true
113б,true
113г,true
113к,true
114,true
114/1,true
114/115,true
114/2,true
114/5,true
114/в,false
114\1,false
114а,true
114б,true
114в,true
114г,true
114д,true
114е,true
114ж,true
114к3,false
114р,true
114с1,false
114с2,false
114e,false
115,true
115-1,true
115/1,true
115/117,true
115/160,true
115/2,true
115/3,true
115/6д,false
1158,false
115а,true
115б,true
115г,true
115д,true
115ж,true
115a,false
116,true
116/1,true
116/2,true
116/8,true
116а,true
116б,true
116в,true
116г,true
116к2,false
116р,true
116т,true
116a,false
117,true
117-1,true
117/119,true
117/3,true
117а,true
117б,true
117д,true
117корп,false
117a,false
118,true
118-Б,false
"118,3",false
118/1,true
118/19,true
118/1в,false
118/2,true
118/3,true
118\2,false
1181,false
1185,false
118а,true
118а-1а,false
118а-1б,false
118а-1в,false
118а-2а,false
118а-2б,false
118а-2в,false
118а-3а,false
118а-3б,false
118а-3в,false
118а/1,true
118А/1,false
118А/1А,false
118а/1а,false
118А/1В,false
118а/2,true
118А/2,false
118а/2б,false
118А/2Б,false
118а/2Б,false
118а/2в,false
118а/3,true
118А/3,false
118а/3б,false
118А/3Б,false
118а/3в,false
118а\1,false
118а1,false
118А2,false
118а3,false
118б,true
118б/2,true
118д,true
118a,false
119,true
119-121,true
119-13,true
119а,true
119б,true
119х,true
11а,true
11а/2,true
11б,true
11в,true
11г,true
11д,true
11е,true
11к,true
11с,true
11a,false
12,true
12 ,false
12-1,true
12-10,true
12-2,true
12/1,true
12/10,true
12/11,true
12/14,true
12/15,true
12/16,true
12/18,true
12/1а,false
12/1В,false
12/2,true
12/21,true
12/23,true
12/25,true
12/28,true
12/3,true
12/37,true
12/3д,false
12/4,true
12/42,true
12/5,true
12/6,true
12/7,true
12/8,true
12/9,true
12/92,true
12/а,false
12\14,false
12\16,false
12\2,false
12\3,false
12\37,false
120,true
120/3,true
1202,false
120а,true
120б,true
120К3,false
120корп,false
121,true
121 К2,false
121-10,true
121-5,true
121/1,true
121/2,true
1211,false
1212,false
1213,false
1214,false
1217,false
1219,false
121а,true
121б,true
121д,true
121к1,false
122,true
122-13,true
122-17,true
122-19,true
122/1,true
122/124,true
122/1а,false
122/1б,false
122/1Б,false
122/1в,false
122/3,true
1221,false
1221а,false
1222,false
12233,false
1228,false
122а,true
122а-1в,false
122б,true
122д,true
122к2,false
122корп,false
122a,false
123,true
123-127,true
123/1,true
123/2,true
123/3,true
123/4,true
123/5,true
1233,false
1234,false
12344,false
12345,false
123а,true
123б,true
124,true
124 А,false
124-12,true
124-128,true
124-2,true
124-3,true
124-5,true
124/1,true
124/2,true
124/7,true
1241,false
12456,false
124а,true
124б,true
125,true
125-131,true
125/1,true
125/2,true
125/3,true
125/4,true
125/5,true
125\2,false
125а,true
125г,true
126,true
126/1,true
126/10,true
126/13,true
126/14,true
126/16,true
126/17,true
126/18,true
126/19,true
126/2,true
126/20,true
126/8,true
126/9,true
126\10,false
126\14,false
1261,false
126а,true
126б,true
126в,true
126г,true
126корп,false
127,true
127/1,true
127/2,true
1271,false
1272,false
1273,false
127а,true
127б,true
128,true
128-130,true
128/1,true
128/2,true
128а,true
128б,true
128г,true
129,true
129/131,true
129/2,true
1293,false
129а,true
129б,true
129в,true
12а,true
12а к1,false
12А/1,false
12а/1,true
12А/2,false
12а1,false
12а2,false
12б,true
12буд1,false
12в,true
12г,true
12д,true
12е,true
12ж,true
12з,true
12и,true
12л,true
12м,true
12н,true
12a,false
12b,false
13,true
13-1,true
13-10,true
13-13,true
13-15,true
13-19,true
13-2,true
13-22,true
13-4,true
"13,8",false
13.3,false
13.5,false
13.9,false
13/1,true
13/1-5,false
13/10,true
13/13,true
13/15,true
13/16,true
13/18,true
13/19,true
13/1а,false
13/2,true
13/23,true
13/2в,false
13/3,true
13/30,true
13/34,true
13/4,true
13/41,true
13/42,true
13/44,true
13/5,true
13/6,true
13/6-А,false
13/6а,false
13/7,true
13/8,true
13/9,true
13\15,false
13\16,false
13\2,false
130,true
130/132,true
130/2,true
130/20,true
130/3,true
130/4,true
130/57,true
130а,true
130б,true
130в,true
131,true
131-5,true
131-9,true
131/1,true
131/2,true
1312,false
1318,false
131а,true
131б,true
131в,true
131b,false
132,true
132/1,true
132а,true
132б,true
132в,true
132г,true
132a,false
133,true
133-7,true
133/1,true
13356,false
133а,true
133б,true
134,true
134/1,true
134/16,true
134а,true
134б,true
135,true
135/1,true
135/3,true
135/4,true
135/5,true
135/6,true
1351,false
1352,false
1353,false
1354,false
1355,false
1356,false
135а,true
135б,true
135в,true
135г,true
135д,true
135е,true
135к4,false
135a,false
136,true
136-138,true
136/1,true
136а,true
136б,true
136ж,true
137,true
137-Г,false
137а,true
137б,true
137в,true
137г,true
137ж,true
138,true
138а,true
138б,true
138в,true
138г,true
138е,true
139,true
139/1,true
139/141,true
139а,true
139б,true
139д,true
13а,true
13б,true
13б/1,true
13Бк3,false
13буд3,false
13в,true
13В5,false
13г,true
13д,true
13д3/2,false
13е,true
13ж,true
13з,true
13к,true
13корп,false
13с,true
13х,true
13a,false
13b,false
14,true
14 б/1,false
14-1,true
14-16,true
14-18,true
14-1б,false
14-20а,false
14-6,true
14-А,false
"14,16",false
14.1,false
14/1,true
14/1 Г,false
14/1-А,false
14/1-Б,false
14/11,true
14/12,true
14/13,true
14/15,true
14/16,true
14/17,true
14/18,true
14/19,true
14/1а,false
14/1б,false
14/1Б,false
14/1г,false
14/2,true
14/20Б,false
14/20в,false
14/21б,false
14/22,true
14/23,true
14/24,true
14/2а,false
14/3,true
14/3-В,false
14/3-в,false
14/3б,false
14/3Б,false
14/3В,false
14/3в,false
14/3Г,false
14/3г,false
14/4,true
14/45,true
14/4а,false
14/5,true
14/55,true
14/6,true
14/7,true
14/9,true
14\1,false
14\13,false
14\2,false
14\55,false
140,true
140/1,true
140\1,false
140а,true
140б,true
140в,true
140г,true
140a,false
141,true
141--14,false
141-1,true
141-14,true
141-15,true
141-17,true
141-4,true
141-7,true
141/1,true
1415,false
1416,false
141а,true
141б,true
142,true
142-10,true
142-11,true
142-144,true
142-15,true
142-16,true
142-17,true
142/1,true
142/2,true
142/3,true
142/4,true
142а,true
142б,true
142г,true
143,true
143/1,true
143/3,true
143/4,true
143а,true
143б,true
144,true
144/1,true
144/2,true
144/3,true
144/5,true
144/6,true
144а,true
144а-в,false
144б,true
144г,true
144д,true
144к,true
145,true
145/1,true
145а,true
145б,true
145в,true
146,true
146/1,true
146/13,true
146/2,true
146/3,true
146\2,false
1469,false
146а,true
146б,true
146в,true
146г,true
146е,true
147,true
147/1,true
147/17,true
147/2,true
147/20,true
147/5,true
147\5,false
148,true
148/1,true
148/2,true
148/3,true
148/4,true
148\1,false
1481,false
1484,false
148а,true
148б,true
148в,true
149,true
149/1,true
149/2,true
149/4,true
1492,false
1495,false
149ю,true
14а,true
14А/3,false
14б,true
14в,true
14г,true
14д,true
14е,true
14ж,true
14з,true
14к,true
14корп,false
14л,true
14м,true
14о,true
14п,true
14с,true
14у,true
14ф,true
14х,true
14ю,true
14a,false
14f,false
15,true
15-17,true
15-19,true
15-242,true
15-А/1,false
"15,2",false
15.1,false
15/1,true
15/13,true
15/14,true
15/15,true
15/16,true
15/17,true
15/19,true
15/2,true
15/20,true
15/23,true
15/232,true
15/24,true
15/25,true
15/28,true
15/29,true
15/3,true
15/31,true
15/32,true
15/4,true
15/41,true
15/45,true
15/46,true
15/5,true
15/6,true
15/7,true
15/8,true
15/9,true
15\1,false
15\12,false
15\2,false
15\23,false
15\45,false
15\8,false
150,true
150/1,true
150/15,true
150а,true
150б,true
150в,true
150г,true
150д,true
150a,false
151,true
151--19,false
151-1,true
151-10,true
151-11,true
151-12,true
151-13,true
151-14,true
151-15,true
151-16,true
151-17,true
151-18,true
151-19,true
151-2,true
151-3,true
151-4,true
151-5,true
151-6,true
151-8,true
151-9,true
151-Б,false
151/1,true
151/153,true
151/3,true
151\5,false
1512,false
1513,false
151а,true
151б,true
151Б7,false
151корп,false
152,true
152-12,true
152-15,true
152-16,true
152-17,true
152-18,true
152-19,true
152-2,true
152-3,true
152-5,true
152-7,true
152/3,true
1522,false
152а,true
152в,true
152д,true
152к1,false
152к2,false
153,true
153-А,false
153.17,false
153/1,true
153/13,true
153/17,true
153/18,true
153/19,true
153/2,true
153/2а,false
153/8,true
153\13,false
1539,false
153а,true
153д,true
154,true
154-1,true
154/1,true
154а,true
154б,true
154в,true
154a,false
155,true
155/1,true
155/4,true
155/93,true
15555,false
155а,true
156,true
156-А,false
156/1,true
156/2,true
156/4,true
1560,false
156а,true
156б,true
156a,false
157,true
157/6,true
157а,true
158,true
158/1,true
158/2,true
158/3,true
158а,true
158б,true
158корп,false
159,true
159/1,true
159/2,true
159а,true
159г,true
15а,true
15А/1,false
15а/5,true
15а/б,false
15б,true
15Б/1,false
15б/1,true
15б/2,true
15б/3,true
15Б/4,false
15б/5,true
15Б/5,false
15Б/6,false
15б1,false
15б2,false
15б3,false
15б4,false
15б5,false
15б6,false
15в,true
15г,true
15д,true
15е,true
15к,true
15к1,false
15к2,false
15к3,false
15кор3,false
15корп,false
15л,true
15мин,false
15н,true
15с,true
15сп,false
15уч,false
15ф,true
15a,false
15b,false
15k,false
16,true
16 А,false
16 к. 1,false
16 к4,false
16-1,true
16-18,true
16-5,true
16-9,true
16-а,false
16-А/3,false
"16,20",false
16/1,true
16/10,true
16/11в,false
16/12,true
16/13,true
16/14,true
16/16,true
16/18,true
16/18к3,false
16/1А,false
16/1а,false
16/2,true
16/22,true
16/23,true
16/24,true
16/25,true
16/27,true
16/28,true
16/29,true
16/2а,false
16/2А,false
16/3,true
16/33,true
16/37,true
16/39,true
16/3а,false
16/4,true
16/41,true
16/48,true
16/4а,false
16/5,true
16/50,true
16/5а,false
16/6,true
16/60,true
16/6а,false
16/6А,false
16/8,true
16/9,true
16/95,true
16/9Б,false
16/9б,false
16/а,false
16/а3,false
16/а4,false
16/а5,false
16\1,false
16\18,false
16\3,false
16\6,false
16\а2,false
160,true
160/1,true
160/32,true
160/4,true
160а,true
160б,true
160d,false
161,true
161-10,true
161-11,true
161-12,true
161-14,true
161-15,true
161-17,true
161-2,true
161-4,true
161-8,true
161/1,true
1611,false
1618,false
161а,true
161б,true
161в,true
161г,true
161a,false
162,true
162-10,true
162-13,true
162-15,true
162-16,true
162-17,true
162-18,true
162-19,true
162-2,true
162-8,true
162-9,true
162/1,true
162/2,true
162/3,true
162/4,true
162/5,true
162/6,true
1624,false
162а,true
162б,true
162в,true
162г,true
162д,true
162е,true
162ж,true
162с,true
163,true
1630,false
163а,true
164,true
164а,true
164в,true
165,true
165/1,true
165/6,true
1654651,false
165а,true
165б,true
165в,true
166,true
166а,true
166б,true
166д,true
167,true
167/2,true
167/3,true
167/4,true
167б,true
167a,false
168,true
168/1,true
168а,true
168б,true
168д,true
168е,true
168c2,false
169,true
169а,true
169б,true
16а,true
16а-1,true
16а-2,true
16а/1,true
16А/1,false
16а/2,true
16А/2,false
16а/3,true
16А/3,false
16а/4,true
16А/4,false
16а/43,true
16А/44,false
16а/45,true
16А/45,false
16а/48,true
16А/48,false
16а/5,true
16А/5,false
16а/6,true
16А/6,false
16а/7,true
16а/а,false
16а/б,false
16А\4,false
16а\4,false
16а1,false
16а1-11,false
16а1-21,false
16а1-6,false
16а1-7,false
16А2,false
16а2,false
16а2-15,false
16а2-19,false
16а2-20,false
16а3,false
16а6,false
16б,true
16в,true
16в/г,false
16ва/2,false
16г,true
16д,true
16е,true
16ж,true
16з,true
16к,true
16к1,false
16к4-2,false
16корп3,false
16л,true
16с,true
16a,false
16a/1,false
16f,false
17,true
17 а,false
17-19,true
17-21,true
17-Б,false
17.3,false
17/1,true
17/10,true
17/11,true
17/12,true
17/13,true
17/140,true
17/18,true
17/19,true
17/1а,false
17/1а-а,false
17/1а-б,false
17/1б,false
17/2,true
17/21,true
17/22,true
17/24,true
17/25,true
17/2а-а,false
17/2а-б,false
17/2а-в,false
17/2б,false
17/31,true
17/31а,false
17/31А,false
17/34,true
17/3а-а,false
17/3б,false
17/4,true
17/46,true
17/5,true
17/52,true
17/52а,false
17/56,true
17/6,true
17/63н,false
17\1,false
17\19,false
17\25,false
17\31а,false
17\6,false
170,true
170-1,true
170/1,true
170/110,true
170/112,true
170/15,true
170/165,true
170/172,true
170/19,true
170/1а,false
170/1в,false
170/1д,false
170/1е,false
170/2,true
170/320,true
170/4д,false
170/51,true
17012,false
17020,false
170а,true
170б,true
170в,true
170корп,false
170п,true
171,true
171 к2,false
171/1,true
1719,false
171а,true
171б,true
171в,true
171г,true
171д,true
171е,true
171ж,true
172,true
172/1,true
1721,false
172а,true
172б,true
173,true
173/1,true
173/187,true
173/2,true
1731,false
173а,true
174,true
174-6,true
174/3,true
174/5,true
174/6,true
174б,true
174к1,false
174корп,false
175,true
175/5,true
175а,true
176,true
176-7,true
176-9,true
176/1,true
176а,true
176б,true
176корп,false
177,true
177/2,true
177АК2,false
177б,true
177в,true
178,true
178/1,true
1781,false
178б,true
179,true
179а,true
179б,true
17а,true
17а1,false
17а4,false
17б,true
17в,true
17г,true
17д,true
17е,true
17ж,true
17к,true
17к1,false
17к2,false
17корп2,false
17м,true
17с,true
17a,false
18,true
18-2,true
18-21,true
18-26,true
18-3,true
18-5,true
18-8,true
18-9,true
18-а,false
18/1,true
18/14,true
18/15,true
18/16,true
18/19,true
18/1А,false
18/1а,false
18/1б,false
18/1г,false
18/1Г,false
18/2,true
18/20,true
18/21,true
18/241,true
18/26,true
18/29,true
18/3,true
18/30,true
18/31,true
18/4,true
18/40,true
18/4А,false
18/4а,false
18/5,true
18/6,true
18/7,true
18/8,true
18/9,true
18\1,false
18\1г,false
18\2,false
18\20,false
18\30,false
18\7,false
180,true
180-1,true
180/1,true
181,true
1810а,false
181а,true
182,true
182/2,true
1821,false
182а,true
182б,true
183,true
183а,true
184,true
184/4,true
184/7,true
184/8А,false
184А/3,false
185,true
185а,true
185б,true
186,true
186/1,true
186а,true
186б,true
187,true
187/1,true
188,true
188/10,true
188а,true
188б,true
188в,true
189,true
189/2,true
1892,false
189а,true
18а,true
18а/1,true
18б,true
18б6,false
18в,true
18г,true
18д,true
18е,true
18ж,true
18з,true
18к1,false
18п,true
18a,false
18f,false
18v,false
19,true
19-21,true
19-4,true
19-5,true
19-6,true
19-7,true
19-8,true
19–21,false
19.,false
19/1,true
19/10,true
19/11,true
19/12,true
19/13,true
19/14,true
19/14а,false
19/15,true
19/18,true
19/19,true
19/1в,false
19/2,true
19/21,true
19/21а,false
19/22,true
19/23,true
19/27,true
19/28,true
19/3,true
19/30,true
19/4,true
19/5,true
19/6,true
19/7,true
19/8,true
19/91,true
19\1,false
19\14,false
19\21,false
19\7,false
190,true
190а,true
191,true
19100,false
1915,false
191а,true
191в,true
191д,true
191м1,false
192,true
192/3,true
1925,false
1925а,false
193,true
193а,true
194,true
194а,true
194б,true
195,true
195д,true
195е,true
196,true
196/1,true
196/2,true
197,true
197а,true
197б,true
197в,true
197г,true
198,true
198б,true
199,true
1990,false
1993,false
199а,true
199в,true
19а,true
19а4,false
19б,true
19в,true
19г,true
19д,true
19ж,true
19з,true
19К1,false
19к2,false
19к4,false
19корп,false
19л,true
19о,true
19п,true
19с,true
19ч,true
19ш,true
19a,false
19b,false
19r1,false
1а,true
1а-1,true
1а/1,true
1А/1,false
1А/2,false
1а/3,true
1А/Б,false
1а1,false
1а1-13,false
1а2,false
1а2-4,false
1а2-7,false
1а47,false
1а7,false
1акорп2,false
1б,true
1Б/1,false
1б/2,true
1б/6,true
1Б/6,false
1б1,false
1б3,false
1Б6,false
1буд4,false
1буд6,false
1в,true
1в/3,true
1в/5,true
1в/9,true
1в\1,false
1г,true
1д,true
1д/2,true
1д/3,true
1д/4,true
1д/5,true
1д2с,false
1е,true
1ж,true
1з,true
1и,true
1к,true
1к/1,true
1к1,false
1к2,false
1к3,false
1К3,false
1к4,false
1к6,false
1к7,false
1комнк,false
1кор5,false
1корп1,false
1корп2,false
1корп3,false
1л,true
1м,true
1н,true
1о,true
1п,true
1п/1,true
1р,true
1с,true
1ск,false
1т,true
1т/2,true
1Т/2,false
1ф,true
1ц,true
1ч,true
1ш,true
1ю,true
1я,true
1a,false
1b,false
1e,false
2,true
2 52,false
2 К1,false
2 к2,false
2-1,true
2-10,true
2-10а,false
2-1б,false
2-1е,false
2-2,true
2-2в,false
2-2В,false
2-2a,false
2-3,true
2-36,true
2-3в,false
2-4,true
2-4/7,false
2-6,true
2-8,true
2-9,true
2-а,false
2-й пер. Куликовский,false
2-л/1,false
2-Ф/1,false
2-Ф/4,false
"2,9",false
2.30,false
2.5,false
2/1,true
2/1-А,false
2/1-Г,false
2/1-З,false
2/10,true
2/103,true
2/11,true
2/11А,false
2/12,true
2/12а,false
2/13,true
2/14,true
2/142,true
2/14б,false
2/15,true
2/16,true
2/17А,false
2/18,true
2/187ж,false
2/18а,false
2/19,true
2/19/Е,false
2/1а,false
2/1А,false
2/1б,false
2/1Б,false
2/1В,false
2/1Г,false
2/1г,false
2/1д,false
2/1Е,false
2/1е,false
2/1Є,false
2/1є,false
2/1ж,false
2/1з,false
2/1л,false
2/1a,false
2/1A,false
2/2,true
2/2-В,false
2/2-К,false
2/2-Л,false
2/20,true
2/21,true
2/22,true
2/23,true
2/234ж,false
2/24,true
2/26,true
2/27,true
2/2а,false
2/2А,false
2/2б,false
2/2Б,false
2/2В,false
2/2в,false
2/2е,false
2/2Е,false
2/2ж,false
2/2Ж,false
2/2К,false
2/2Л,false
2/2л,false
2/2a,false
2/3,true
2/30,true
2/32,true
2/32к1,false
2/32к2,false
2/32к8,false
2/34,true
2/35,true
2/37,true
2/37б,false
2/37Б,false
2/3а,false
2/3б,false
2/3в,false
2/3Д,false
2/3д,false
2/4,true
"2/4,",false
2/41ж,false
2/44,true
2/48,true
2/4Б,false
2/4б,false
2/5,true
2/512а,false
2/56,true
2/58,true
2/5б,false
2/6,true
2/7,true
2/71,true
2/7а,false
2/8,true
2/8А,false
2/8а,false
2/8б-2,false
2/8г,false
2/8Г,false
2/8д,false
2/8Е,false
2/9,true
2/а-1,false
2\1,false
2\10,false
2\14,false
2\1б,false
2\2,false
2\2д,false
2\2ж,false
2\3,false
2\30,false
2\32,false
2\32к1,false
2\34,false
2\4,false
2\6,false
2\8,false
20,true
20-22,true
20-3,true
20-4,true
20/1,true
20/1.2,false
20/11,true
20/12,true
20/12а,false
20/13,true
20/14,true
20/15,true
22к2,false
22к3,false
22к4,false
22км,false
22п,true
22a,false
23,true
23 ,false
23 дом3,false
23-25,true
23-27,true
23/1,true
23/10,true
23/13,true
23/15,true
23/16,true
23/18,true
23/2,true
23/24,true
23/25,true
23/2а,false
23/3,true
23/35,true
23/3а,false
23/4,true
23/4А,false
23/5,true
23/52,true
23/6,true
23/7,true
23/8,true
23/9,true
23\1,false
23\25,false
23\4,false
230,true
2304,false
230а,true
231,true
231а,true
232,true
232-234,true
232а,true
232в,true
232a,false
233,true
23333,false
233б,true
233в,true
234,true
234б,true
235,true
235в,true
235д,true
235ж,true
236,true
236б,true
236е,true
237,true
238,true
238а,true
239,true
23а,true
23б,true
23б1,false
23в,true
23г,true
23к,true
23п,true
23a,false
23f,false
24,true
24-2,true
24-32,true
24-40,true
24/1,true
24/16,true
24/17,true
24/1а,false
24/2,true
24/23,true
24/26,true
24/3,true
24/33,true
24/4,true
24/42,true
24/5,true
24/6,true
24/6а,false
24/7,true
24/8,true
24/9,true
24/93,true
24\1,false
24\2,false
24\23,false
24\26,false
240,true
240а,true
240в,true
240г,true
241,true
241/1,true
241б,true
242,true
242/2,true
242а,true
242б,true
243,true
243/1,true
243а,true
244,true
245,true
245а,true
245б,true
246,true
246а,true
247,true
2475,false
248,true
248а,true
248б,true
248г,true
249,true
249а,true
249з,true
24а,true
24б,true
24Б/22,false
24в,true
24г,true
24д,true
24д/1,true
24Д/1,false
24д/2,true
24Д/3,false
24д/3,true
24Д/4,false
24д1,false
24д2,false
24д3,false
24д4,false
24дк4,false
24к,true
24р,true
24a,false
25,true
25-1,true
25-2,true
25/1,true
25/10,true
25/11,true
25/16,true
25/19,true
25/2,true
25/21,true
25/23,true
25/27,true
25/3,true
25/37,true
25/4,true
25/49,true
25/49А,false
25/5,true
25/61,true
25/71,true
25/8,true
25/89,true
25\2,false
25\27,false
25\3,false
250,true
250а,true
250б,true
250в,true
250ж,true
251,true
251а,true
251ж,true
252,true
253,true
253а,true
254,true
254в,true
255,true
256,true
257,true
257а,true
258,true
259,true
2598,false
25а,true
25а к1,false
25А/1,false
25б,true
25в,true
25в/2,true
25г,true
25г/1,true
25д,true
25ж,true
"25к,3",false
25к1,false
25к3,false
25м,true
25п,true
25a,false
25f,false
26,true
26 А,false
26-2,true
26-27,true
26-28,true
26-29,true
26-а,false
26-в/3,false
26/1,true
26/10,true
26/11,true
26/14,true
26/16,true
26/17,true
26/19,true
26/2,true
26/20,true
26/21,true
26/23,true
26/26,true
26/28,true
26/3,true
26/4,true
26/41,true
26/47,true
26/5,true
26/58,true
26/6,true
26/70,true
26/8,true
26/9,true
26\1,false
26\2,false
26\41,false
260,true
261,true
261-7,true
261/1,true
261/2,true
261/3,true
2612,false
261а,true
262,true
262а,true
263,true
264,true
264а,true
264б,true
264в,true
264д,true
264и,true
264к,true
264л,true
265,true
265а,true
266,true
2667,false
267,true
2671,false
268,true
268а,true
268б,true
268д,true
268ж,true
269,true
269в,true
269г,true
269м,true
269н,true
26а,true
26б,true
26в,true
26в1,false
26г,true
26д,true
26ж,true
26з,true
26и,true
26к,true
26к1,false
26к3,false
26корп,false
26a,false
27,true
27-29,true
27-31,true
27-А,false
27-А/2,false
27-A/2,false
27/1,true
27/11,true
27/13,true
27/14,true
27/16,true
27/19,true
27/2,true
27/20,true
27/21,true
27/22,true
27/23,true
27/24,true
27/25,true
27/29,true
27/2а1,false
27/2а2,false
27/2а3,false
27/2а4,false
27/2а5,false
27/2а6,false
27/2а9,false
27/3,true
27/31,true
27/36,true
27/4,true
27/45,true
27/47,true
27/49,true
27/5,true
27/51,true
27/6,true
27/7,true
27/78,true
27/79,true
27/8,true
27/9,true
27\2,false
27\22,false
27\31,false
27\4,false
27\5,false
27\78,false
270,true
270г,true
271,true
2711111,false
271а,true
272,true
272а,true
272г,true
272д,true
273,true
274,true
2740,false
275,true
275а,true
276,true
276а,true
277,true
278,true
279,true
27а,true
27А-2,false
27а-2,true
27а/1,true
27А/1,false
27А/2,false
27а/2,true
27а/2/1,false
27А/2/1,false
27а/2/2,false
27А/2/2,false
27а/2/3,false
27а/2/5,false
27А/2/5,false
27а/2/9,false
27А/3,false
27а/3,true
27А/4,false
27а/4,true
27А/5,false
27А/6,false
27а/6,true
27А/9,false
27а\2,false
27А\2,false
27а1,false
27а2,false
27а2б,false
27а3,false
27а5а,false
27а6,false
27б,true
27в,true
27г,true
27д,true
27е,true
27е6,false
27к,true
27т,true
27a,false
27A/2,false
27A/2/4,false
28,true
28-30,true
28-32,true
28/1,true
28/11,true
28/12,true
28/15,true
28/19,true
28/2,true
28/25,true
28/3,true
28/30А,false
28/32,true
28/4,true
28/41,true
28/43,true
28/5,true
28/64,true
28\3,false
280,true
281,true
281а,true
282,true
2825,false
283,true
284,true
284а,true
285,true
285/1,true
285а,true
285д,true
285a,false
286,true
287,true
287а,true
288,true
289,true
289а,true
28а,true
28а-30а,false
28А-30А,false
28а/3,true
28б,true
28б.1,false
28б1,false
28в,true
28г,true
28д,true
28е,true
28К1,false
28п,true
28р,true
28ф,true
28х,true
28a,false
28f,false
29,true
29-31,true
29/1,true
29/10,true
29/11,true
29/12,true
29/14,true
29/2,true
29/22,true
29/26,true
29/27,true
29/3,true
29/31,true
29/33,true
29/4,true
29/5,true
29/50,true
29/58,true
29/Б1,false
29/Б2,false
29\1,false
29\2,false
29\33,false
290,true
291,true
292,true
292а,true
293,true
294,true
295,true
2950,false
295б,true
296,true
296б,true
297,true
298,true
298а,true
299,true
299/1,true
29а,true
29а-а,false
29б,true
29б1,false
29б2,false
29в,true
29в1,false
29г,true
29г4,false
29д,true
29е,true
29ж,true
29к,true
29к1,false
29к2,false
29к7,false
29с11,false
29с13,false
29с2,false
29с8,false
29a,false
2а,true
2а к2,false
2а/1,true
2А/1,false
2А/2,false
2б,true
2б/3,true
2в,true
2в2,false
2в3,false
2г,true
2г1,false
2гала,false
2гк1,false
2гк2,false
2Гк2,false
2гкорп1,false
2д,true
2е,true
2ж,true
2з,true
2и,true
2к,true
2к/2,true
2к1,false
2К1,false
2к2,false
2к3,false
2к7,false
2кор1,false
2корп1,false
2корп2,false
2л,true
2л/1,true
2Л3,false
2м,true
2массів,false
2н,true
2о,true
2п,true
2р,true
2т,true
2ф,true
2ц,true
2э,false
2ю,true
2a,false
2h,false
2k,false
2r,false
2v,false
3,true
3 к1,false
3 сек,false
3-1,true
3-13,true
3-2,true
3-3,true
3-5,true
3-7,true
3-Б/1,false
"3,9",false
3.3,false
3/1,true
3/1/1,false
3/1/2,false
3/1/3,false
3/1/4,false
3/1/6,false
3/1/7,false
3/10,true
3/10а,false
3/11,true
3/12,true
3/13,true
3/13б,false
3/13В,false
3/14,true
3/15,true
3/15А,false
3/16,true
3/1А,false
3/1а,false
3/2,true
3/2-В,false
3/2/1,false
3/2/2,false
3/2/3,false
3/2/4,false
3/2/5,false
3/2/6,false
3/2/7,false
3/2/8,false
3/2/9,false
3/20,true
3/25,true
3/2А,false
3/2а,false
3/2б,false
3/2Б,false
3/2В,false
3/2в,false
3/2г,false
3/2a,false
3/3,true
3/3-а,false
3/3/2,false
3/3а,false
3/3А,false
3/3Б,false
3/3б,false
3/3в,false
3/3В,false
3/3є,false
3/4,true
3/4а,false
3/4б,false
3/4в,false
3/4г,false
3/5,true
3/57,true
3/5а,false
3/6,true
3/60,true
3/602-8,false
3/603-4,false
3/603-5,false
3/603-7,false
3/603-8,false
3/61,true
3/611-1,false
3/611-2,false
3/611-5,false
3/611-6,false
3/611-9,false
3/612-7,false
3/612-9,false
3/63,true
3/631-8,false
3/631-9,false
3/65,true
3/651-7,false
3/66,true
3/661-1,false
3/661-5,false
3/662-3,false
3/662-4,false
3/662-5,false
3/662-8,false
3/67,true
3/671-5,false
3/671-6,false
3/671-8,false
3/68,true
3/681-8,false
3/682-3,false
3/682-6,false
3/682-7,false
3/69,true
3/7,true
3/70,true
3/73,true
3/7а,false
3/8,true
3/88,true
3/9,true
3/г,false
3/к6,false
3\1,false
3\10,false
3\12,false
3\2,false
3\2а,false
3\3,false
3\3а,false
3\3б,false
3\4,false
3\6,false
3\7,false
3\9,false
3₽3,false
30,true
30 / 40,false
30-1,true
30-32,true
30-7,true
30—32,false
30/1,true
30/10,true
30/11,true
30/12,true
30/13,true
30/1а,false
30/1б,false
30/2,true
30/20,true
30/26а,false
30/28,true
30/3,true
30/32,true
30/32 б,false
30/32/Б,false
30/321б,false
30/322а,false
30/32а,false
30/32А,false
30/32б,false
30/39,true
30/3а,false
30/4,true
30/5,true
30/51,true
30/53,true
30/59,true
30/6,true
30/64,true
30/7,true
30/8,true
30/9,true
30\1,false
30\10,false
30\11,false
30\39,false
30\8,false
300,true
301,true
301/2,true
301а,true
302,true
302а,true
303,true
304,true
305,true
305а,true
307,true
307а,true
308,true
309,true
309-5,true
309/5,true
309а,true
309б,true
30а,true
30б,true
30в,true
30г,true
30д,true
30е,true
30ж,true
30з,true
30л,true
30у,true
30ш,true
30щ,true
30a,false
30l39,false
31,true
31 / 1Б,false
31-11,true
31-16,true
31-2,true
31-3,true
31-33,true
31-4,true
31-7,true
31-В/5,false
31-Г/5,false
31/1,true
31/10,true
31/100,true
31/11,true
31/12,true
31/13,true
31/15,true
31/16,true
31/18,true
31/1А,false
31/1Б,false
31/1б,false
31/2,true
31/20,true
31/25,true
31/29,true
31/2в,false
31/3,true
31/33,true
31/4,true
31/40,true
31/5,true
31/5Г,false
31/8,true
31\1,false
31\11,false
31\1а,false
31\3,false
31\33,false
310,true
310а,true
311,true
311а,true
312,true
3120,false
312б,true
313,true
313а,true
313б,true
314,true
315,true
316,true
3169,false
316в,true
316г,true
317,true
3172,false
318,true
319,true
319а,true
31а,true
31б,true
31в,true
31г,true
31Д/1,false
31е,true
31ж,true
31з,true
31н,true
31п,true
31a,false
32,true
32 А,false
32-2,true
32-38,true
32-5,true
32-6,true
32-7,true
32-8,true
32-9,true
32-б,false
32/1,true
32/14,true
32/16,true
32/18,true
32/186,true
32/2,true
32/24,true
32/3,true
32/34,true
32/38,true
32/4,true
32/51,true
32/51а,false
32/51А,false
32/53,true
32/8,true
32\1,false
32\18,false
32\2,false
32\22,false
320,true
321,true
321/20,true
322,true
323,true
324,true
327,true
327/8,true
328,true
329,true
32а,true
32б,true
32в,true
32г,true
32д,true
32ж,true
32з,true
32корп,false
32a,false
32f,false
32u,false
33,true
33-1,true
33-2,true
33.2,false
33.35,false
33/1,true
33/10,true
33/11,true
33/12,true
33/13,true
33/14,true
33/14-7,false
33/2,true
33/21,true
33/2а,false
33/3,true
33/30,true
33/34,true
33/35,true
33/37,true
33/4,true
33/43,true
33/44,true
33/47,true
33/5,true
33/5.1,false
33/5/2,false
33/6,true
33/65.1,false
33/7,true
33/78,true
33/7б,false
33/9,true
33\1,false
33\2,false
33\30,false
33\35,false
33\7,false
330,true
331,true
332,true
333,true
3³3,false
3333,false
334,true
335,true
335.1,false
335.2,false
336,true
336а,true
337,true
338,true
338а,true
33а,true
33б,true
33в,true
33г,true
33ц,true
33a,false
34,true
34-3,true
34-36,true
34-38,true
34-б,false
34-д,false
34/1,true
34/1а,false
34/1А,false
34/2,true
34/22,true
34/24,true
34/2а,false
34/32,true
34/36,true
34/38,true
34/4,true
34/47ц,false
34/5,true
34/51,true
34/93,true
34\2,false
340,true
341,true
343,true
344,true
345,true
345/2,true
346,true
346в,true
347,true
348,true
348в,true
34а,true
34а-2,true
34а7,false
34б,true
34в,true
34г,true
34д,true
34е,true
34ж,true
34л,true
34п,true
34р,true
34a,false
34v,false
35,true
35-37,true
35-39,true
35-А,false
35/1,true
35/2,true
35/21б,false
35/23,true
35/24,true
35/29,true
35/3,true
35/34,true
35/35,true
35/37,true
35/371,true
35/373,true
35/39,true
35/43,true
35/5,true
35/51а,false
35/81,true
35/9,true
35\1,false
350,true
35000,false
352,true
353,true
354,true
355,true
3556,false
356,true
359,true
3591а,false
35а,true
35б,true
35в,true
35г,true
35д,true
35е,true
35ж,true
35и,true
35л,true
35н,true
35п,true
35т,true
35ф,true
35a,false
36,true
36-38,true
36/1,true
36/10,true
36/2,true
36/23,true
36/3,true
36/38,true
36/41,true
36/5,true
36/6,true
36/7,true
36/8,true
36\1,false
36\5,false
361,true
362,true
363,true
364,true
364в,true
365,true
365а,true
367,true
367/1,true
367а,true
368,true
36а,true
36б,true
36в,true
36г,true
36д,true
36е,true
36b,false
36t,false
37,true
37-39,true
37/1,true
37/11,true
37/122,true
37/13,true
37/14,true
37/18,true
37/19,true
37/2,true
37/20,true
37/3,true
37/39,true
37/41,true
37/42,true
37/43,true
37/48,true
370,true
371,true
373,true
375,true
378,true
37а,true
37б,true
37в,true
37г,true
37д,true
37е,true
37з,true
37к,true
37к6,false
37м,true
37т,true
37х,true
37r,false
38,true
38/1,true
38/10,true
38/2,true
38/3,true
38/4,true
38/40,true
38/5,true
38/6,true
38/7,true
38/8,true
38/9,true
380,true
381,true
382,true
385,true
389,true
38а,true
38б,true
38в,true
38г,true
38д,true
38е,true
38ж,true
38корп,false
38a,false
39,true
39-41,true
39/1,true
39/1/5,false
39/13,true
39/14,true
39/15,true
39/18,true
39/1к3,false
39/2,true
39/21,true
39/22,true
39/3,true
39/3/1,false
39/32,true
39/35,true
39/36,true
39/37.3,false
39/3к2,false
39/40,true
39/41,true
39/41б,false
39/43,true
39/48,true
39/5,true
39/8,true
39/92,true
39\1,false
39\2,false
39\41,false
390,true
391,true
391/1,true
391а,true
392,true
393,true
394,true
395,true
397,true
397а,true
398,true
39а,true
39А-39Б,false
39б,true
39в,true
39г,true
39е,true
39з,true
39a,false
39f,false
3а,true
3а/1,true
3а/2,true
3А/2,false
3а/3,true
3А/3,false
3а/4,true
3А/4,false
3а/5,true
3а/6,true
3А/7,false
3а/7/1,false
3А/8,false
3а1-14,false
3а1-19,false
3а1-8,false
3а3,false
3а4,false
3а8,false
3ак2,false
3ак9,false
3б,true
3б/505,true
3б1-10,false
3б1-13,false
3б1-22,false
3б1-7,false
3б1-9,false
3б2-17,false
3буд1,false
3в,true
3в1-16,false
3в1-19,false
3в1-24,false
3в1-25,false
3в2-13,false
3в2-14,false
3в2-15,false
3в2-16,false
3в2-24,false
3в2-7,false
3в2-9,false
3вд,false
3г,true
3г1-10,false
3г1-13,false
3г1-16,false
3г1-17,false
3г1-18,false
3г1-25,false
3г1-8,false
3г1-9,false
3г2-13,false
3г2-16,false
3г2-18,false
3г2-19,false
3г2-23,false
3г2-24,false
3г2-7,false
3г2-8,false
3г3,false
3г3-17,false
3г3-7,false
3гала,false
3д,true
3Д1,false
3д2-24,false
3д3-17,false
3е,true
3з,true
3к,true
3к1,false
3К1,false
3к2,false
3к3,false
3К3,false
3к4,false
3к5,false
3к6,false
3корп,false
3м,true
3н,true
3я,true
3a,false
3a/1,false
3b,false
3d,false
3f,false
3v,false
4,true
4 А,false
4 Д,false
4 дом 2,false
4 к.3,false
4 к2,false
4-042,true
4-10,true
4-1б,false
4-6,true
4-6/2,false
4-8,true
4-8б,false
"4,6",false
4/0,true
4/1,true
4/1-Б,false
4/10,true
4/11,true
4/12,true
4/13,true
4/14,true
4/15,true
4/18в,false
4/1А,false
4/1б,false
4/1Б,false
4/2,true
4/20,true
4/22,true
4/25,true
4/26,true
4/3,true
4/39,true
4/39-а,false
4/39А,false
4/39а,false
4/4,true
4/47,true
4/5,true
4/56,true
4/6,true
4/6б,false
4/6в,false
4/6г,false
4/6Г,false
4/7,true
4/8,true
4/9,true
4\1,false
4\2,false
4\20,false
4\27,false
4\3,false
4\39,false
4\4,false
4\6,false
4\7,false
4\8,false
40,true
40-3,true
40/1,true
40/1/2,false
40/10,true
40/12,true
40/14,true
40/16,true
40/2,true
40/2А,false
40/2Ж,false
40/3,true
40/37,true
40/4,true
40/42,true
40/44,true
40/52,true
40/6,true
40/85,true
40/9,true
40\2,false
400,true
4000,false
401-1,true
401-2,true
401-3,true
401-4,true
401-7,true
402-1,true
402-2,true
403,true
403-2,true
403-4,true
404,true
404-2,true
405,true
407,true
408,true
409,true
40а,true
40А/1,false
40б,true
40в,true
40г,true
40д,true
40е,true
40ж,true
40з,true
40к1,false
40нп,false
40р,true
40a,false
40b,false
41,true
41 а,false
41-18,true
41-43,true
41-49,true
41/1,true
41/11,true
41/15,true
41/1а,false
41/2,true
41/28,true
41/3,true
438,true
43а,true
43а8а3а,false
43б,true
43в,true
43г,true
43д,true
43е,true
43к1,false
43a,false
43b,false
44,true
44-10,true
44-46,true
44/1,true
44/10,true
44/105,true
44/2,true
44/22,true
44/3,true
44/46,true
44/50,true
44/6,true
44\10,false
44\46,false
440,true
441а,true
441б,true
442,true
442а,true
444,true
4444,false
44444,false
4446,false
44778,false
449/11,true
44а,true
44б,true
44в,true
44г,true
44д,true
44д/1,true
44е,true
44ж,true
44з,true
44л,true
44н,true
44п,true
44р,true
44a,false
44f,false
44h,false
45,true
45-49,true
45-59,true
45/1,true
45/2,true
45/28,true
45/3,true
45/3А,false
45/40,true
45/43,true
45/46,true
45/47,true
45/49,true
45/5,true
45/7,true
45/б/1,false
45\3,false
452,true
453,true
455,true
45555,false
456,true
457,true
45а,true
45А/2,false
45а/3,true
45А/3,false
45а/5,true
45б,true
45б/1,true
45б/3,true
45в,true
45г,true
45д,true
45ж,true
45a,false
46,true
46-48,true
46/1,true
46/10,true
46/11,true
46/2,true
46/3,true
46/4,true
46/48,true
46/5,true
46/58,true
46/7,true
46\1,false
46\11,false
46\2,false
46\3,false
461,true
462,true
463,true
465,true
467,true
468,true
469,true
46а,true
46б,true
46в,true
46д,true
46a,false
47,true
47-49,true
47-59,true
47/1,true
48р,true
48a,false
49,true
49-51,true
49/1,true
49/10,true
49/12А,false
49/2,true
49/51,true
49/63,true
49/68,true
49\1,false
49\51,false
491,true
492,true
493,true
494,true
496,true
497,true
498,true
499,true
49а,true
49б,true
49б/1,true
49в,true
49г,true
49д,true
49a,false
4а,true
4А/12,false
4а8,false
4б,true
4б/1,true
4буд15,false
4в,true
4г,true
4д,true
4е,true
4ж,true
4и,true
4к,true
4к1,false
4К1,false
4к10,false
4к11,false
4к13,false
4к14,false
4к15,false
4к16,false
4к17,false
4к2,false
4к3,false
4к4,false
4к5,false
4к6,false
4к7,false
4к9,false
4кор1,false
4корп1,false
4корп10,false
4корп13,false
4корп14,false
4корп15,false
4корп16,false
4корп17,false
4корп2,false
4корп3,false
4корп7,false
4корпус,false
4л,true
4т,true
4a,false
4b,false
4e,false
5,true
5 в,false
5-17,true
5-3,true
5-3е,false
5-3ж,false
5-4,true
5-5,true
5-7,true
5-7В,false
5-А,false
5/1,true
5/10,true
5/103б,false
5/104,true
5/12,true
5/13,true
5/14,true
5/15,true
5/16,true
5/16а,false
5/17,true
5/1а,false
5/1Б,false
5/1б,false
5/1б1,false
5/1б2,false
5/1в,false
5/1В,false
5/2,true
5/2-Б,false
5/20,true
5/21,true
5/22,true
5/23,true
5/24,true
5/27,true
5/2а,false
5/2А,false
5/2Б,false
5/2б,false
5/3,true
5/3а,false
5/3А,false
5/3б,false
5/3Б,false
5/3В,false
5/3в,false
5/3г,false
5/3Г,false
5/3д,false
5/3Д,false
5/3Е,false
5/3е,false
5/3Ж,false
5/3ж,false
5/4,true
5/43б,false
5/4б,false
5/4в,false
5/4д,false
5/4ж,false
5/4КОР3,false
5/5,true
5/52,true
5/5а,false
5/5А,false
5/5В,false
5/6,true
5/60,true
5/7,true
5/72б,false
5/7В,false
5/8,true
5/88б,false
5/9,true
5\1,false
5\10,false
5\13,false
5\2,false
5\24,false
5\3,false
5\3а,false
5\3д,false
5\4,false
5\5a,false
5\9,false
50,true
50-2,true
50-52А,false
50/1,true
50/12,true
50/2,true
50/3,true
50/38,true
50/49,true
50\2,false
50\38,false
50\52,false
500,true
501,true
502,true
503,true
5038,false
505,true
505/1,true
505/2,true
50а,true
50а/1,true
50А/2,false
50а/2,true
50б,true
50Б/1,false
50б/1,true
50Б/2,false
50б/2,true
50в,true
50В/1,false
50в/1,true
50в/2,true
50В/2,false
50г,true
50г/1,true
50Г/1,false
50Г/2,false
50г/2,true
50д,true
50к1,false
50к2,false
50н,true
50a,false
50a/2a,false
51,true
51-1А,false
51-1а,false
51-53,true
51/1,true
51/1-А,false
51/1-а,false
51/102,true
51/1а,false
51/1А,false
51/1a,false
51/2,true
51/27,true
51/27 Б,false
51/2а,false
51/53,true
51/6,true
51/87,true
51/87А,false
51\1а,false
516,true
517г,true
51а,true
51б,true
51Б/1,false
51в,true
51г,true
51д,true
51е,true
51корп,false
51л,true
51м,true
51н,true
51a,false
52,true
52-58,true
52/1,true
52/1А,false
52/2,true
52/22,true
52/3,true
52/4,true
52/54,true
52/55,true
52/58,true
52/7,true
52\3,false
52\58,false
521,true
523,true
524,true
525,true
526,true
527,true
528,true
52а,true
52а/52д,false
52А/52Д,false
52б,true
52в,true
52д,true
52л,true
52a,false
52f,false
53,true
53-1,true
53-55,true
53/1,true
53/11,true
53/2,true
53/21Б,false
53/29,true
53/30,true
53/4,true
53/55,true
53/553,true
53/553д,false
53/58,true
53/6,true
53/69,true
53/80,true
53\1,false
53\55,false
530,true
531,true
532,true
536,true
537,true
53а,true
53б,true
53в,true
53г,true
53ж,true
53з,true
53и,true
53к,true
53к1,false
53корп,false
53a,false
54,true
54 А,false
54 к3,false
54/1,true
54/19,true
54/1а,false
54/2,true
54/23,true
54/2а,false
54/3,true
54/4,true
54/56,true
54/6,true
54/8,true
54/9,true
54\23,false
54\3,false
54321,false
545,true
548,true
549,true
54а,true
54а к1,false
54а к5,false
54а-6,true
54А/1,false
54а/1,true
54а/2,true
54А/2,false
54А/4,false
54а/6,true
54а1,false
54а2,false
54а3,false
54а5,false
54а6,false
54а7,false
54б,true
54в,true
54вл3,false
54г,true
54д,true
54е,true
54к2,false
54к3,false
54корп,false
54a,false
55,true
55-А,false
55/1,true
55/1/1,false
55/13,true
55/1к,false
55/1к1,false
55/2,true
55/2/,false
55/2/1,false
55/2/2,false
55/2/3,false
55/2/4,false
55/2/5,false
55/2/6,false
55/2/7,false
55/22,true
55/24,true
55/26,true
55/27,true
55/29,true
55/2к8,false
55/3,true
55/5,true
55/56,true
55/57,true
55/6,true
55/62,true
55/63,true
55/64,true
55/8,true
55\2,false
55\3,false
55\6,false
551,true
552,true
553,true
555,true
555.1,false
5555,false
557,true
559а,true
55а,true
55а1-3,false
55б,true
55б/8,true
55в,true
55г,true
55д,true
55е,true
55ж,true
55з,true
55к,true
55л,true
55м,true
55a,false
56,true
56-А,false
56/1,true
56/2,true
56/3,true
56/4,true
56/66,true
56/7,true
561,true
563,true
565,true
567,true
568,true
56а,true
56а/1,true
56А/2,false
56а/3,true
56А/4,false
56А/6,false
56б,true
56г,true
56д,true
56К2,false
56к3,false
56корп,false
56п,true
56a,false
57,true
57-59,true
57/1,true
57/106,true
57/16,true
57/1а,false
57/1А,false
57/2,true
57/2А,false
57/2д,false
57/3,true
57/37,true
57/38,true
57/4,true
57/59,true
57/6,true
57\1,false
570,true
572,true
574,true
576,true
578,true
579,true
57а,true
57б,true
57в,true
57г,true
57д,true
57е,true
58,true
58-60,true
"58, 2к.",false
58/1,true
58/10,true
58/11,true
58/2,true
58/3,true
58/3а,false
58/3г,false
58/4/1,false
58/4б,false
58/6,true
58/60,true
58/7,true
58\2,false
58\3,false
582-12,true
583-5,true
585-4,true
58а,true
58а-1,true
58б,true
58в,true
58г,true
58к,true
58корп,false
58f,false
59,true
59/1,true
59/1в,false
59/1г,false
59/1и,false
59/2,true
59/3,true
59/4,true
59/45,true
59/5,true
59/565,true
59/6,true
59/61,true
59/65,true
59/7,true
59/8,true
59/9,true
59\1,false
59\65,false
591,true
598,true
59а,true
59а/1,true
59а2,false
59а3,false
59б,true
59б5,false
59б6,false
59в,true
59В к1,false
59в/1,true
59г,true
59Г/1,false
59г/1,true
59г/2,true
59г1,false
59г2,false
59д,true
59е,true
59ж,true
59з,true
59и,true
59к,true
59a,false
59f,false
5а,true
5а к2,false
"5а, 2к.",false
5А/1,false
5а/1,true
5а/2,true
5А/2,false
5а1,false
5а10,false
5а12,false
5а13,false
5а2,false
5а4,false
5а6,false
5а9,false
5ак2,false
5алітб,false
5б,true
5б/21,true
5Б/72,false
5б8,false
5б9,false
5в,true
5г,true
5г-5,true
5г1-11,false
5г1-2,false
5г1-4,false
5г1-5,false
5г1-8,false
5г10,false
5г2-10,false
5г2-7,false
5д,true
5д12,false
5дом2,false
5е,true
5ж,true
5з,true
5и,true
5к,true
5кор15,false
5кор2,false
5л,true
5п,true
5с,true
5ти,false
5ш,true
5щ,true
5a,false
5b,false
70а,true
70а.2,false
70б,true
70в,true
71,true
71-10,true
71-18,true
71-19,true
71-2,true
71/1,true
71/2,true
71/7,true
71/73,true
71\1,false
710,true
711,true
714,true
718,true
71а,true
71А/1,false
71а/4,true
71а1-4,false
71а1-8,false
71а2-4,false
71а3-5,false
71а4-2,false
71а4-5,false
71а4-7,false
71б,true
71в,true
71г,true
71д,true
71е,true
71з,true
71к1,false
72,true
72-2,true
72-3,true
72-4,true
72-6,true
72.1,false
72.2,false
72/1,true
72/19,true
72/2,true
72/3,true
72/74,true
72\1,false
72а,true
72б,true
72в,true
72г,true
72д,true
73,true
73-4,true
73-77,true
73-777,true
73-79,true
73/1,true
73/2,true
73/22,true
73/42,true
73/77,true
73/79,true
73\77,false
736,true
737,true
738,true
739,true
73а,true
73б,true
73б/5,true
73б/6,true
73Б/6,false
73б/7,true
73б/8,true
73в,true
73г,true
73д,true
73е,true
73ж,true
73ж3,false
73к6,false
73a,false
73e,false
74,true
74-76,true
74-78,true
74/1,true
74/10,true
74/16,true
74/2,true
74/4,true
74/75,true
74/76,true
74/78,true
74/9,true
74а,true
74б,true
74в,true
74г,true
74a,false
75,true
75/1,true
75/10,true
75/1а,false
75/1А,false
75/2,true
75\2,false
750,true
751,true
7510/12,false
758,true
759,true
75а,true
75б,true
75в,true
75В/1,false
75г,true
75д,true
75е,true
75к,true
75л,true
75м,true
75т,true
75a,false
75f,false
76,true
76-78,true
76/1,true
76/2,true
76/3,true
76/4,true
76/40,true
76/66,true
76/7,true
76/78,true
766,true
76а,true
76б,true
76в,true
76г,true
77,true
77-73,true
77-А,false
77/1,true
77/2,true
77/79,true
772,true
773а,true
773в,true
774,true
777,true
7777,false
779,true
77а,true
77б,true
77a,false
78,true
78/1,true
78/2,true
78а,true
78б,true
78в,true
78г,true
78е,true
79,true
79/1,true
79/42,true
79/81,true
79а,true
79б,true
79в,true
79д,true
79a,false
7а,true
7а/2,true
7а5-3,false
7а8-1,false
7б,true
7б/1,true
7б/3,true
7б/4,true
7б8-1,false
7в,true
7в/7,true
7г,true
7д,true
7е,true
7ж,true
7и,true
7к,true
7км,false
7м,true
7ма,false
7н,true
7п,true
7с,true
7сек,false
7я,true
7a,false
7b,false
7d,false
8,true
8 б,false
8-1,true
8-10,true
8-12,true
8-9,true
8-Б,false
8-Б/1,false
8-В,false
8-Г,false
8-г,false
8.2,false
8/1,true
8/10,true
8/10В,false
8/11,true
8/12,true
8/127,true
8/13,true
8/13а,false
8/14,true
8/15,true
8/16,true
8/18,true
8/19,true
8/1в,false
8/2,true
8/20,true
8/21,true
8/22,true
8/23,true
8/24,true
8/26,true
8/2б,false
8/3,true
8/3-Б,false
8/32,true
8/4,true
8/48,true
8/5,true
8/53,true
8/5А,false
8/6,true
8/7,true
8/8,true
8/9,true
8\1,false
8\14,false
8\3,false
8\7,false
80,true
80-82,true
80/1,true
80/17,true
80/1а,false
80/2,true
80/3,true
80/31,true
80/5,true
80/57,true
80/73,true
80/73А,false
80/82,true
800,true
80а,true
80а/73,true
80А/73,false
80б,true
80в,true
80и,true
80a,false
81,true
81-10,true
81-11,true
81-12,true
81-13,true
81-2,true
81-4,true
81-5,true
81-6,true
81-8,true
81-9,true
81/1,true
81/11,true
81/1б,false
81/2,true
81/2а,false
81/3,true
81/30,true
81/4,true
81/5,true
81/6,true
81/7,true
81/8,true
81/83,true
81\1,false
812-1,true
813,true
81а,true
81а/2,true
81а/4,true
81б,true
81в,true
81д1,false
81к,true
81л,true
81k,false
82,true
82-4,true
82/1,true
82/1а,false
82/2,true
82/2а,false
82/2м,false
82/4,true
82/7,true
82/84,true
827,true
82а,true
82а1-3,false
82в,true
82в/1,true
82г,true
83,true
83-85,true
83-9,true
83/1,true
83/2,true
83/3,true
83/5,true
83/53,true
83/85,true
83\1,false
83\85,false
833,true
83а,true
83а/1,true
83а/4,true
83б,true
83в,true
83г,true
83д,true
83е,true
84,true
84-11,true
84/1,true
84/2,true
84/2а,false
84/2А,false
84/3в,false
84/86,true
841,true
84а,true
84А/84Б,false
84б,true
84в,true
84к1,false
85,true
85-87,true
85/1,true
85/2,true
85/3,true
85/40,true
85/5,true
85/51,true
85/52,true
85/87,true
85/87А,false
85\5,false
85\87,false
851,true
851-4,true
852,true
852-4,true
854,true
85а,true
85б,true
86,true
86-88,true
86/137,true
86/3,true
86/4,true
86/86Г,false
86а,true
86б,true
86в,true
87,true
87/1,true
87/3,true
87/5,true
870,true
871-8,true
877,true
87а,true
87б,true
87в,true
87д,true
88,true
88/1,true
88/2,true
88/3,true
88/4,true
88/92,true
88\4,false
88\8,false
882,true
8844,false
888,true
88а,true
88б,true
88в,true
89,true
89/1,true
89/12,true
89/2,true
89/32,true
89/91,true
89\91,false
893,true
89а,true
89б,true
89ж,true
89b,false
8а,true
8а/1,true
8А8,false
8б,true
8в,true
8г,true
8г/9,true
8Гк3,false
8д,true
8е,true
8ж,true
8з,true
8к,true
8к7,false
8э,false
8a,false
9,true
9-11,true
9-12,true
9-13,true
9-19,true
9-2,true
9-а,false
9-Г,false
9/1,true
9/10,true
9/11,true
9/12,true
9/13,true
9/16,true
9/17,true
9/18,true
9/19,true
9/2,true
9/22,true
9/25,true
9/29,true
9/3,true
9/32,true
9/35,true
9/37,true
9/4,true
9/40,true
9/47,true
9/5,true
9/61,true
9/68,true
9/7,true
9/8,true
9/9,true
9\1,false
9\10,false
9\12,false
9\4,false
9\47,false
90,true
90/1,true
90/51,true
90/57,true
90/59,true
90/92,true
90/93,true
90\92,false
902,true
903,true
904,true
909,true
90а,true
90б,true
90в,true
90г,true
90д,true
91,true
91-10,true
91-13,true
91-93,true
91-94,true
91-І,false
91-р,false
91/1,true
91/14,true
91/1в,false
91/1a,false
91/2,true
91/29,true
91/93,true
9100,false
91д,true
91е,true
91ж,true
91к,true
91м,true
91о,true
91п,true
91р,true
91с,true
91т,true
91у,true
91ф,true
92,true
92-94,true
92/1,true
92/2,true
92/3,true
92/39,true
92/56,true
92/94,true
92\94,false
925,true
92а,true
92б,true
92в,true
92г,true
92д,true
92е,true
93,true
93/1,true
93/11,true
93/12,true
93/12-2,false
93/12-6,false
93/12-7,false
93/12-8,false
93/14,true
93/15,true
93/15-3,false
93/16,true
93/2,true
93/2/2,false
93/3,true
93/3/3,false
93/4,true
93/4/1,false
93/4/2,false
93/4/3,false
93/41-9,false
93/42-8,false
93/42-9,false
93/43-3,false
93/44-8,false
93/5,true
93/6,true
93\1,false
93\2,false
93\4,false
934,true
938,true
93а,true
93б,true
93в,true
93г,true
93г/2,true
93д,true
93з,true
93к1,false
93к2,false
93к3,false
94,true
94-96,true
94/1,true
94/1а,false
94/1А,false
94/1б,false
94/1Б,false
94/1в,false
94/1В,false
94/1a,false
94/4,true
94/5,true
94/96,true
94\1б,false
945,true
94а,true
95г,true
95е,true
95З/3,false
96,true
96/153,true
96/98,true
961,true
96а,true
96б,true
96в,true
97,true
97/1,true
97/15,true
97/3,true
97/4В,false
97\15,false
97а,true
97б,true
97е,true
97корп,false
97a,false
98,true
98/1,true
98/2,true
98/29,true
98а,true
98б,true
98в,true
98к,true
98л,true
98ф,true
98a,false
99,true
99-д,false
99/1,true
99/10,true
99/1к2,false
99/2,true
99/22,true
99/4,true
99/6,true
99\4,false
990,true
999,true
99999,false
99а,true
99б,true
99a,false
9а,true
9а/2,true
9а/3,true
9а1,false
9а2,false
9а3,false
9аа,false
9аб,false
9б,true
9в,true
9г,true
9д,true
9е,true
9ж,true
9з,true
9к,true
9к2,false
9к3,false
9корпус,false
9a,false
9d,false
9e,false
9r,false
А,false
а,false
а1,false
Ап,false
б,false
Б,false
б.м13.6,false
б.м13.8,false
б.м7,false
б/н,false
Б/н,false
б1,false
бм15,false
бм1а,false
бм27,false
бм4,false
бм56,false
бм6,false
бн,false
БН,false
Бн,false
БОС,false
буд,false
буд. 5,false
В,false
В2,false
відсу,false
г,false
ГП3,false
д,false
Д5,false
дім2,false
Довже,false
Е,false
е,false
З,false
з,false
З/2,false
З5,false
з88,false
ЗаАгоро,false
Зг,false
і,false
І,false
Й1,false
К,false
к1,false
кв.196,false
корп3,false
м,false
м-н,false
н,false
н1,false
О,false
о,false
р,false
ро,false
с,false
С10,false
сп10.3,false
сп101,false
сп11б,false
сп13.10,false
сп13.9,false
сп14.1,false
сп14.2,false
сп17-19,false
сп1а,false
сп24,false
сп3г,false
сп43,false
сп56,false
сп59,false
сп72,false
сп8.3,false
стр 2,false
стр 3,false
стр 4,false
стр1,false
стр2,false
стр3,false
стр4,false
Т0230,false
Х,false
х,false
хх,false
ХХ,false
ХХХ,false
ххх,false
ъ,false
a,false
A,false
g,false
h,false
N,false
№13.6,false
№13.7,false
№30 д2,false
o,false
p,false
R1,false
S,false
Ss,false
ss,false
Um-6,false
x,false
X,false
xx,false
Xx,false
,false
